grid_type,1_unit,2_units,3_6_units,7_12_units,13+_units
rural,0.495044005,0.26118469,0.107328368,0.090616937,0.045826
semiurb,0.517504613,0.1889098,0.081866273,0.126733277,0.084986037
urban,0.572612812,0.091437626,0.033568265,0.129229168,0.173152129